{
  "type" : "arObject",
  "data" : {
    "center" : [
      0.00067652761936187744,
      0.11732298135757446,
      -0.0028245449066162109
    ],
    "scale" : [
      1,
      1,
      1
    ],
    "extent" : [
      0.29622617363929749,
      0.23052114248275757,
      0.25230073928833008
    ]
  }
}